"Table with row headers in column A and column headers in rows 4 through 7,,,,,,,,,,,,"
Table A-4.
"Poverty Status of People by Family Relationship, Race, and Hispanic Origin: 1959 to 2021"",,,,,,,,,,,,"
"(Populations in thousands. Population as of March of the following year. Information on confidentiality protection, sampling error, nonsampling error, and definitions is available at <https://www2.census.gov/programs-surveys/cps/techdocs/cpsmar22.pdf>),,,,,,,,,,,,"
"Race, Hispanic origin, and year,All people,,,People in families,,,,,,Unrelated individuals,,"
",Total,Below poverty,,All families,,,""Families with female householder,"
"no spouse present"",,,Total,Below poverty,"
",,,,Total,Below poverty,,Total,Below poverty,,,,"
",,Number,Percent,,Number,Percent,,Number,Percent,,Number,Percent"
"ALL RACES,,,,,,,,,,,,"
"2021,""328,191"",""37,933"",11.6,""263,764"",""25,077"",9.5,""48,476"",""12,264"",25.3,""63,398"",""12,513"",19.7"
"20201,""327,570"",""37,548"",11.5,""264,437"",""25,232"",9.5,""48,984"",""12,469"",25.5,""62,097"",""11,963"",19.3"
"2019,""324,754"",""33,984"",10.5,""263,696"",""22,431"",8.5,""46,255"",""11,262"",24.3,""60,117"",""11,300"",18.8"
"2018,""323,847"",""38,146"",11.8,""262,010"",""25,489"",9.7,""46,660"",""12,491"",26.8,""60,768"",""12,287"",20.2"
"20172,""322,548"",""39,564"",12.3,""261,599"",""26,720"",10.2,""47,517"",""13,525"",28.5,""59,835"",""12,465"",20.8"
"2017,""322,549"",""39,698"",12.3,""260,709"",""26,766"",10.3,""47,999"",""13,378"",27.9,""60,786"",""12,593"",20.7"
"2016,""319,911"",""40,616"",12.7,""259,863"",""27,762"",10.7,""48,243"",""13,914"",28.8,""58,839"",""12,336"",21.0"
"2015,""318,454"",""43,123"",13.5,""258,121"",""29,893"",11.6,""48,497"",""14,719"",30.4,""58,988"",""12,671"",21.5"
"2014,""315,804"",""46,657"",14.8,""256,308"",""32,615"",12.7,""48,019"",""15,905"",33.1,""57,937"",""13,374"",23.1"
"20133,""313,096"",""46,269"",14.8,""256,070"",""32,786"",12.8,""49,951"",""17,170"",34.4,""55,400"",""12,707"",22.9"
"20134,""312,965"",""45,318"",14.5,""254,988"",""31,530"",12.4,""47,007"",""15,606"",33.2,""56,564"",""13,181"",23.3"
"2012,""310,648"",""46,496"",15.0,""252,863"",""33,198"",13.1,""47,085"",""15,957"",33.9,""56,185"",""12,558"",22.4"
"2011,""308,456"",""46,247"",15.0,""252,316"",""33,126"",13.1,""48,103"",""16,451"",34.2,""54,517"",""12,416"",22.8"
"20105,""306,130"",""46,343"",15.1,""250,200"",""33,120"",13.2,""46,454"",""15,911"",34.3,""54,250"",""12,449"",22.9"
"2009,""303,820"",""43,569"",14.3,""249,384"",""31,197"",12.5,""45,315"",""14,746"",32.5,""53,079"",""11,678"",22.0"
"2008,""301,041"",""39,829"",13.2,""248,301"",""28,564"",11.5,""44,027"",""13,812"",31.4,""51,534"",""10,710"",20.8"
"2007,""298,699"",""37,276"",12.5,""245,443"",""26,509"",10.8,""43,961"",""13,478"",30.7,""51,740"",""10,189"",19.7"
"2006,""296,450"",""36,460"",12.3,""245,199"",""25,915"",10.6,""43,223"",""13,199"",30.5,""49,884"",""9,977"",20.0"
"2005,""293,135"",""36,950"",12.6,""242,389"",""26,068"",10.8,""42,244"",""13,153"",31.1,""49,526"",""10,425"",21.1"
"20046,""290,617"",""37,040"",12.7,""240,754"",""26,544"",11.0,""42,053"",""12,832"",30.5,""48,609"",""9,926"",20.4"
"2003,""287,699"",""35,861"",12.5,""238,903"",""25,684"",10.8,""41,311"",""12,413"",30.0,""47,594"",""9,713"",20.4"
"2002,""285,317"",""34,570"",12.1,""236,921"",""24,534"",10.4,""40,529"",""11,657"",28.8,""47,156"",""9,618"",20.4"
"2001,""281,475"",""32,907"",11.7,""233,911"",""23,215"",9.9,""39,261"",""11,223"",28.6,""46,392"",""9,226"",19.9"
"20007,""278,944"",""31,581"",11.3,""231,909"",""22,347"",9.6,""38,375"",""10,926"",28.5,""45,624"",""8,653"",19.0"
"19998,""276,208"",""32,791"",11.9,""230,789"",""23,830"",10.3,""38,580"",""11,764"",30.5,""43,977"",""8,400"",19.1"
"1998,""271,059"",""34,476"",12.7,""227,229"",""25,370"",11.2,""39,000"",""12,907"",33.1,""42,539"",""8,478"",19.9"
"1997,""268,480"",""35,574"",13.3,""225,369"",""26,217"",11.6,""38,412"",""13,494"",35.1,""41,672"",""8,687"",20.8"
"1996,""266,218"",""36,529"",13.7,""223,955"",""27,376"",12.2,""38,584"",""13,796"",35.8,""40,727"",""8,452"",20.8"
"19959,""263,733"",""36,425"",13.8,""222,792"",""27,501"",12.3,""38,908"",""14,205"",36.5,""39,484"",""8,247"",20.9"
"199410,""261,616"",""38,059"",14.5,""221,430"",""28,985"",13.1,""37,253"",""14,380"",38.6,""38,538"",""8,287"",21.5"
"199311,""259,278"",""39,265"",15.1,""219,489"",""29,927"",13.6,""37,861"",""14,636"",38.7,""38,038"",""8,388"",22.1"
"199212,""256,549"",""38,014"",14.8,""217,936"",""28,961"",13.3,""36,446"",""14,205"",39.0,""36,842"",""8,075"",21.9"
"199113,""251,192"",""35,708"",14.2,""212,723"",""27,143"",12.8,""34,795"",""13,824"",39.7,""36,845"",""7,773"",21.1"
"1990,""248,644"",""33,585"",13.5,""210,967"",""25,232"",12.0,""33,795"",""12,578"",37.2,""36,056"",""7,446"",20.7"
"1989,""245,992"",""31,528"",12.8,""209,515"",""24,066"",11.5,""32,525"",""11,668"",35.9,""35,185"",""6,760"",19.2"
"198814,""243,530"",""31,745"",13.0,""208,056"",""24,048"",11.6,""32,164"",""11,972"",37.2,""34,340"",""7,070"",20.6"
"198714,""240,982"",""32,221"",13.4,""206,877"",""24,725"",12.0,""31,893"",""12,148"",38.1,""32,992"",""6,857"",20.8"
"1986,""238,554"",""32,370"",13.6,""205,459"",""24,754"",12.0,""31,152"",""11,944"",38.3,""31,679"",""6,846"",21.6"
"198515,""236,594"",""33,064"",14.0,""203,963"",""25,729"",12.6,""30,878"",""11,600"",37.6,""31,351"",""6,725"",21.5"
"198416,""233,816"",""33,700"",14.4,""202,288"",""26,458"",13.1,""30,844"",""11,831"",38.4,""30,268"",""6,609"",21.8"
"1983,""231,700"",""35,303"",15.2,""201,338"",""27,933"",13.9,""30,049"",""12,072"",40.2,""29,158"",""6,740"",23.1"
"1982,""229,412"",""34,398"",15.0,""200,385"",""27,349"",13.6,""28,834"",""11,701"",40.6,""27,908"",""6,458"",23.1"
"198117,""227,157"",""31,822"",14.0,""198,541"",""24,850"",12.5,""28,587"",""11,051"",38.7,""27,714"",""6,490"",23.4"
"1980,""225,027"",""29,272"",13.0,""196,963"",""22,601"",11.5,""27,565"",""10,120"",36.7,""27,133"",""6,227"",22.9"
"197918,""222,903"",""26,072"",11.7,""195,860"",""19,964"",10.2,""26,927"",""9,400"",34.9,""26,170"",""5,743"",21.9"
"1978,""215,656"",""24,497"",11.4,""191,071"",""19,062"",10.0,""26,032"",""9,269"",35.6,""24,585"",""5,435"",22.1"
"1977,""213,867"",""24,720"",11.6,""190,757"",""19,505"",10.2,""25,404"",""9,205"",36.2,""23,110"",""5,216"",22.6"
"1976,""212,303"",""24,975"",11.8,""190,844"",""19,632"",10.3,""24,204"",""9,029"",37.3,""21,459"",""5,344"",24.9"
"1975,""210,864"",""25,877"",12.3,""190,630"",""20,789"",10.9,""23,580"",""8,846"",37.5,""20,234"",""5,088"",25.1"
"197419,""209,362"",""23,370"",11.2,""190,436"",""18,817"",9.9,""23,165"",""8,462"",36.5,""18,926"",""4,553"",24.1"
"1973,""207,621"",""22,973"",11.1,""189,361"",""18,299"",9.7,""21,823"",""8,178"",37.5,""18,260"",""4,674"",25.6"
"197220,""206,004"",""24,460"",11.9,""189,193"",""19,577"",10.3,""21,264"",""8,114"",38.2,""16,811"",""4,883"",29.0"
"197121,""204,554"",""25,559"",12.5,""188,242"",""20,405"",10.8,""20,153"",""7,797"",38.7,""16,311"",""5,154"",31.6"
"1970,""202,183"",""25,420"",12.6,""186,692"",""20,330"",10.9,""19,673"",""7,503"",38.1,""15,491"",""5,090"",32.9"
"1969,""199,517"",""24,147"",12.1,""184,891"",""19,175"",10.4,""17,995"",""6,879"",38.2,""14,626"",""4,972"",34.0"
"1968,""197,628"",""25,389"",12.8,""183,825"",""20,695"",11.3,""18,048"",""6,990"",38.7,""13,803"",""4,694"",34.0"
"196722,""195,672"",""27,769"",14.2,""182,558"",""22,771"",12.5,""17,788"",""6,898"",38.8,""13,114"",""4,998"",38.1"
"1966,""193,388"",""28,510"",14.7,""181,117"",""23,809"",13.1,""17,240"",""6,861"",39.8,""12,271"",""4,701"",38.3"
"1965,""191,413"",""33,185"",17.3,""179,281"",""28,358"",15.8,""16,371"",""7,524"",46.0,""12,132"",""4,827"",39.8"
"1964,""189,710"",""36,055"",19.0,""177,653"",""30,912"",17.4,N,""7,297"",44.4,""12,057"",""5,143"",42.7"
"1963,""187,258"",""36,436"",19.5,""176,076"",""31,498"",17.9,N,""7,646"",47.7,""11,182"",""4,938"",44.2"
"1962,""184,276"",""38,625"",21.0,""173,263"",""33,623"",19.4,N,""7,781"",50.3,""11,013"",""5,002"",45.4"
"1961,""181,277"",""39,628"",21.9,""170,131"",""34,509"",20.3,N,""7,252"",48.1,""11,146"",""5,119"",45.9"
"1960,""179,503"",""39,851"",22.2,""168,615"",""34,925"",20.7,N,""7,247"",48.9,""10,888"",""4,926"",45.2"
"1959,""176,557"",""39,490"",22.4,""165,858"",""34,562"",20.8,N,""7,014"",49.4,""10,699"",""4,928"",46.1"
"WHITE ALONE23,,,,,,,,,,,,"
"2021,""248,909"",""24,919"",10.0,""199,319"",""15,795"",7.9,""28,961"",""6,575"",22.7,""48,788"",""8,877"",18.2"
"20201,""249,083"",""25,183"",10.1,""200,217"",""16,456"",8.2,""29,829"",""6,993"",23.4,""48,044"",""8,456"",17.6"
"2019,""248,086"",""22,512"",9.1,""200,954"",""14,295"",7.1,""27,848"",""6,007"",21.6,""46,332"",""7,998"",17.3"
"2018,""247,634"",""24,945"",10.1,""200,479"",""16,240"",8.1,""28,375"",""6,972"",24.6,""46,338"",""8,429"",18.2"
"20172,""247,255"",""26,026"",10.5,""200,267"",""17,022"",8.5,""28,671"",""7,399"",25.8,""46,147"",""8,731"",18.9"
"2017,""247,272"",""26,436"",10.7,""199,462"",""17,386"",8.7,""29,019"",""7,473"",25.8,""47,005"",""8,779"",18.7"
"2016,""245,985"",""27,113"",11.0,""199,330"",""18,022"",9.0,""29,420"",""7,793"",26.5,""45,643"",""8,661"",19.0"
"2015,""245,536"",""28,566"",11.6,""198,571"",""19,444"",9.8,""29,396"",""8,205"",27.9,""45,963"",""8,717"",19.0"
"2014,""244,253"",""31,089"",12.7,""197,607"",""21,072"",10.7,""29,134"",""8,680"",29.8,""45,409"",""9,476"",20.9"
"20133,""243,346"",""31,287"",12.9,""198,041"",""21,486"",10.8,""30,428"",""9,796"",32.2,""43,924"",""9,132"",20.8"
"20134,""243,085"",""29,936"",12.3,""197,001"",""19,944"",10.1,""28,795"",""8,404"",29.2,""44,998"",""9,544"",21.2"
"2012,""242,147"",""30,816"",12.7,""196,378"",""21,328"",10.9,""28,707"",""8,691"",30.3,""44,509"",""8,940"",20.1"
"2011,""241,334"",""30,849"",12.8,""196,709"",""21,456"",10.9,""29,636"",""8,999"",30.4,""43,295"",""8,809"",20.3"
"20105,""239,982"",""31,083"",13.0,""195,441"",""21,543"",11.0,""28,032"",""8,721"",31.1,""43,324"",""8,971"",20.7"
"2009,""242,047"",""29,830"",12.3,""197,938"",""20,701"",10.5,""28,163"",""8,283"",29.4,""43,010"",""8,580"",19.9"
"2008,""240,548"",""26,990"",11.2,""197,763"",""18,558"",9.4,""27,010"",""7,340"",27.2,""41,810"",""7,982"",19.1"
"2007,""239,133"",""25,120"",10.5,""195,944"",""17,141"",8.7,""27,159"",""7,188"",26.5,""41,931"",""7,505"",17.9"
"2006,""237,619"",""24,416"",10.3,""196,061"",""16,644"",8.5,""27,057"",""7,160"",26.5,""40,461"",""7,334"",18.1"
"2005,""235,430"",""24,872"",10.6,""194,277"",""16,782"",8.6,""25,943"",""7,021"",27.1,""40,164"",""7,718"",19.2"
"20046,""233,741"",""25,327"",10.8,""193,024"",""17,445"",9.0,""26,139"",""6,892"",26.4,""39,712"",""7,416"",18.7"
"2003,""231,866"",""24,272"",10.5,""192,074"",""16,740"",8.7,""25,536"",""6,530"",25.6,""38,913"",""7,225"",18.6"
"2002,""230,376"",""23,466"",10.2,""190,823"",""16,043"",8.4,""24,903"",""5,992"",24.1,""38,575"",""7,105"",18.4"
"WHITE24,,,,,,,,,,,,"
"2001,""229,675"",""22,739"",9.9,""190,413"",""15,369"",8.1,""24,619"",""5,972"",24.3,""38,294"",""6,996"",18.3"
"20007,""227,846"",""21,645"",9.5,""188,966"",""14,692"",7.8,""24,166"",""5,609"",23.2,""37,699"",""6,454"",17.1"
"19998,""225,361"",""22,169"",9.8,""187,833"",""15,353"",8.2,""23,913"",""5,947"",24.9,""36,441"",""6,411"",17.6"
"1998,""222,837"",""23,454"",10.5,""186,184"",""16,549"",8.9,""24,211"",""6,674"",27.6,""35,563"",""6,386"",18.0"
"1997,""221,200"",""24,396"",11.0,""185,147"",""17,258"",9.3,""23,773"",""7,296"",30.7,""34,858"",""6,593"",18.9"
"1996,""219,656"",""24,650"",11.2,""184,119"",""17,621"",9.6,""23,744"",""7,073"",29.8,""34,247"",""6,463"",18.9"
"19959,""218,028"",""24,423"",11.2,""183,450"",""17,593"",9.6,""23,732"",""7,047"",29.7,""33,399"",""6,336"",19.0"
"199410,""216,460"",""25,379"",11.7,""182,546"",""18,474"",10.1,""22,713"",""7,228"",31.8,""32,569"",""6,292"",19.3"
"199311,""214,899"",""26,226"",12.2,""181,330"",""18,968"",10.5,""23,224"",""7,199"",31.0,""32,112"",""6,443"",20.1"
"199212,""213,060"",""25,259"",11.9,""180,409"",""18,294"",10.1,""22,453"",""6,907"",30.8,""31,170"",""6,147"",19.7"
"199113,""210,133"",""23,747"",11.3,""177,619"",""17,268"",9.7,""21,608"",""6,806"",31.5,""31,207"",""5,872"",18.8"
"1990,""208,611"",""22,326"",10.7,""176,504"",""15,916"",9.0,""20,845"",""6,210"",29.8,""30,833"",""5,739"",18.6"
"1989,""206,853"",""20,785"",10.0,""175,857"",""15,179"",8.6,""20,362"",""5,723"",28.1,""29,993"",""5,063"",16.9"
"198814,""205,235"",""20,715"",10.1,""175,111"",""15,001"",8.6,""20,396"",""5,950"",29.2,""29,315"",""5,314"",18.1"
"198714,""203,605"",""21,195"",10.4,""174,488"",""15,593"",8.9,""20,244"",""5,989"",29.6,""28,290"",""5,174"",18.3"
"1986,""202,282"",""22,183"",11.0,""174,024"",""16,393"",9.4,""20,163"",""6,171"",30.6,""27,143"",""5,198"",19.2"
"198515,""200,918"",""22,860"",11.4,""172,863"",""17,125"",9.9,""20,105"",""5,990"",29.8,""27,067"",""5,299"",19.6"
"198416,""198,941"",""22,955"",11.5,""171,839"",""17,299"",10.1,""19,727"",""5,866"",29.7,""26,094"",""5,181"",19.9"
"1983,""197,496"",""23,984"",12.1,""171,407"",""18,377"",10.7,""19,256"",""6,017"",31.2,""25,206"",""5,189"",20.6"
"1982,""195,919"",""23,517"",12.0,""170,748"",""18,015"",10.6,""18,374"",""5,686"",30.9,""24,300"",""5,041"",20.7"
"198117,""194,504"",""21,553"",11.1,""169,868"",""16,127"",9.5,""18,795"",""5,600"",29.8,""23,913"",""5,061"",21.2"
"1980,""192,912"",""19,699"",10.2,""168,756"",""14,587"",8.6,""17,642"",""4,940"",28.0,""23,370"",""4,760"",20.4"
"197918,""191,742"",""17,214"",9.0,""168,461"",""12,495"",7.4,""17,349"",""4,375"",25.2,""22,587"",""4,452"",19.7"
"1978,""186,450"",""16,259"",8.7,""165,193"",""12,050"",7.3,""16,877"",""4,371"",25.9,""21,257"",""4,209"",19.8"
"1977,""185,254"",""16,416"",8.9,""165,385"",""12,364"",7.5,""16,721"",""4,474"",26.8,""19,869"",""4,051"",20.4"
"1976,""184,165"",""16,713"",9.1,""165,571"",""12,500"",7.5,""15,941"",""4,463"",28.0,""18,594"",""4,213"",22.7"
"1975,""183,164"",""17,770"",9.7,""165,661"",""13,799"",8.3,""15,577"",""4,577"",29.4,""17,503"",""3,972"",22.7"
"197419,""182,376"",""15,736"",8.6,""166,081"",""12,181"",7.3,""15,433"",""4,278"",27.7,""16,295"",""3,555"",21.8"
"1973,""181,185"",""15,142"",8.4,""165,424"",""11,412"",6.9,""14,303"",""4,003"",28.0,""15,761"",""3,730"",23.7"
"197220,""180,125"",""16,203"",9.0,""165,630"",""12,268"",7.4,""13,739"",""3,770"",27.4,""14,495"",""3,935"",27.1"
"197121,""179,398"",""17,780"",9.9,""165,184"",""13,566"",8.2,""13,502"",""4,099"",30.4,""14,214"",""4,214"",29.6"
"1970,""177,376"",""17,484"",9.9,""163,875"",""13,323"",8.1,""13,226"",""3,761"",28.4,""13,500"",""4,161"",30.8"
"1969,""175,349"",""16,659"",9.5,""162,779"",""12,623"",7.8,""12,285"",""3,577"",29.1,""12,570"",""4,036"",32.1"
"1968,""173,732"",""17,395"",10.0,""161,777"",""13,546"",8.4,""12,190"",""3,551"",29.1,""11,955"",""3,849"",32.2"
"196722,""172,038"",""18,983"",11.0,""160,720"",""14,851"",9.2,""12,131"",""3,453"",28.5,""11,318"",""4,132"",36.5"
"1966,""170,247"",""19,290"",11.3,""159,561"",""15,430"",9.7,""12,261"",""3,646"",29.7,""10,686"",""3,860"",36.1"
"1965,""168,732"",""22,496"",13.3,""158,255"",""18,508"",11.7,""11,573"",""4,092"",35.4,""10,477"",""3,988"",38.1"
"1964,""167,313"",""24,957"",14.9,""156,898"",""20,716"",13.2,N,""3,911"",33.4,""10,415"",""4,241"",40.7"
"1963,""165,309"",""25,238"",15.3,""155,584"",""21,149"",13.6,N,""4,051"",35.6,""9,725"",""4,089"",42.0"
"1962,""162,842"",""26,672"",16.4,""153,348"",""22,613"",14.7,N,""4,089"",37.9,""9,494"",""4,059"",42.7"
"1961,""160,306"",""27,890"",17.4,""150,717"",""23,747"",15.8,N,""4,062"",37.6,""9,589"",""4,143"",43.2"
"1960,""158,863"",""28,309"",17.8,""149,458"",""24,262"",16.2,N,""4,296"",39.0,""9,405"",""4,047"",43.0"
"1959,""156,956"",""28,484"",18.1,""147,802"",""24,443"",16.5,N,""4,232"",40.2,""9,154"",""4,041"",44.1"
"WHITE ALONE, NOT HISPANIC23,,,,,,,,,,,,"
"2021,""194,309"",""15,805"",8.1,""152,526"",""8,705"",5.7,""18,658"",""3,468"",18.6,""41,232"",""6,923"",16.8"
"20201,""195,078"",""16,038"",8.2,""153,252"",""9,117"",5.9,""18,852"",""3,686"",19.6,""41,246"",""6,785"",16.4"
"2019,""194,643"",""14,152"",7.3,""154,328"",""7,608"",4.9,""17,528"",""3,064"",17.5,""39,747"",""6,406"",16.1"
"2018,""194,815"",""15,725"",8.1,""154,545"",""8,883"",5.7,""18,179"",""3,740"",20.6,""39,694"",""6,664"",16.8"
"20172,""195,218"",""16,619"",8.5,""154,636"",""9,343"",6.0,""18,334"",""3,800"",20.7,""40,012"",""7,090"",17.7"
"2017,""195,256"",""16,993"",8.7,""153,956"",""9,732"",6.3,""18,597"",""3,893"",20.9,""40,760"",""7,096"",17.4"
"2016,""195,221"",""17,263"",8.8,""154,627"",""9,853"",6.4,""19,390"",""4,252"",21.9,""39,875"",""7,108"",17.8"
"2015,""195,450"",""17,786"",9.1,""154,713"",""10,373"",6.7,""19,339"",""4,404"",22.8,""40,043"",""7,122"",17.8"
"2014,""195,208"",""19,652"",10.1,""154,734"",""11,566"",7.5,""19,015"",""4,630"",24.4,""39,603"",""7,779"",19.6"
"20133,""195,118"",""19,552"",10.0,""155,965"",""11,688"",7.5,""19,141"",""5,123"",26.8,""38,256"",""7,492"",19.6"
"20134,""195,167"",""18,796"",9.6,""155,119"",""10,710"",6.9,""18,889"",""4,325"",22.9,""39,245"",""7,758"",19.8"
"2012,""195,112"",""18,940"",9.7,""155,395"",""11,387"",7.3,""19,180"",""4,655"",24.3,""38,822"",""7,202"",18.6"
"2011,""194,960"",""19,171"",9.8,""155,982"",""11,562"",7.4,""19,909"",""4,746"",23.8,""38,003"",""7,222"",19.0"
"20105,""194,783"",""19,251"",9.9,""155,723"",""11,509"",7.4,""18,914"",""4,689"",24.8,""38,211"",""7,351"",19.2"
"2009,""197,164"",""18,530"",9.4,""158,646"",""11,211"",7.1,""19,033"",""4,532"",23.8,""37,757"",""6,946"",18.4"
"2008,""196,940"",""17,024"",8.6,""159,344"",""10,138"",6.4,""18,799"",""4,046"",21.5,""36,848"",""6,539"",17.7"
"2007,""196,583"",""16,032"",8.2,""158,703"",""9,553"",6.0,""19,179"",""4,099"",21.4,""36,909"",""6,155"",16.7"
"2006,""196,049"",""16,013"",8.2,""159,572"",""9,676"",6.1,""19,349"",""4,353"",22.5,""35,642"",""6,021"",16.9"
"2005,""195,553"",""16,227"",8.3,""159,204"",""9,604"",6.0,""18,899"",""4,278"",22.6,""35,626"",""6,393"",17.9"
"20046,""195,098"",""16,908"",8.7,""159,221"",""10,323"",6.5,""19,009"",""4,116"",21.7,""35,141"",""6,237"",17.7"
"2003,""194,595"",""15,902"",8.2,""159,215"",""9,658"",6.1,""18,792"",""3,959"",21.1,""34,683"",""6,015"",17.3"
"2002,""194,144"",""15,567"",8.0,""158,764"",""9,389"",5.9,""18,664"",""3,733"",20.0,""34,614"",""5,947"",17.2"
"WHITE, NOT HISPANIC24,,,,,,,,,,,,"
"2001,""194,538"",""15,271"",7.8,""159,178"",""9,122"",5.7,""18,365"",""3,661"",19.9,""34,603"",""5,882"",17.0"
"20007,""193,691"",""14,366"",7.4,""158,838"",""8,664"",5.5,""18,196"",""3,412"",18.8,""33,943"",""5,356"",15.8"
"19998,""192,565"",""14,735"",7.7,""158,550"",""9,013"",5.7,""17,892"",""3,545"",19.8,""33,189"",""5,412"",16.3"
"1998,""192,754"",""15,799"",8.2,""159,301"",""10,061"",6.3,""18,547"",""4,074"",22.0,""32,573"",""5,352"",16.4"
"1997,""191,859"",""16,491"",8.6,""158,796"",""10,401"",6.5,""18,474"",""4,604"",24.9,""32,049"",""5,632"",17.6"
"1996,""191,459"",""16,462"",8.6,""159,044"",""10,553"",6.6,""18,597"",""4,339"",23.3,""31,410"",""5,455"",17.4"
"19959,""190,951"",""16,267"",8.5,""159,402"",""10,599"",6.6,""18,340"",""4,183"",22.8,""30,586"",""5,303"",17.3"
"199410,""192,543"",""18,110"",9.4,""161,254"",""12,118"",7.5,""18,186"",""4,743"",26.1,""30,157"",""5,500"",18.2"
"199311,""190,843"",""18,882"",9.9,""160,062"",""12,756"",8.0,""18,508"",""4,724"",25.5,""29,681"",""5,570"",18.8"
"199212,""189,001"",""18,202"",9.6,""159,102"",""12,277"",7.7,""18,016"",""4,640"",25.8,""28,775"",""5,350"",18.6"
"199113,""189,116"",""17,741"",9.4,""158,850"",""11,998"",7.6,""17,609"",""4,710"",26.7,""29,215"",""5,261"",18.0"
"1990,""188,129"",""16,622"",8.8,""158,394"",""11,086"",7.0,""17,160"",""4,284"",25.0,""28,688"",""5,002"",17.4"
"1989,""186,979"",""15,599"",8.3,""158,127"",""10,723"",6.8,""16,827"",""3,922"",23.3,""28,055"",""4,466"",15.9"
"198814,""185,961"",""15,565"",8.4,""157,687"",""10,467"",6.6,""16,828"",""3,988"",23.7,""27,552"",""4,746"",17.2"
"198714,""184,936"",""16,029"",8.7,""157,785"",""11,051"",7.0,""16,787"",""4,075"",24.3,""26,439"",""4,613"",17.4"
"1986,""184,119"",""17,244"",9.4,""157,665"",""12,078"",7.7,""16,739"",""4,350"",26.0,""25,525"",""4,668"",18.3"
"198515,""183,455"",""17,839"",9.7,""157,106"",""12,706"",8.1,""16,749"",""4,136"",24.7,""25,544"",""4,789"",18.7"
"198416,""182,469"",""18,300"",10.0,""156,930"",""13,234"",8.4,""16,742"",""4,193"",25.0,""24,671"",""4,659"",18.9"
"1983,""181,393"",""19,538"",10.8,""156,719"",""14,437"",9.2,""16,369"",""4,448"",27.2,""23,894"",""4,746"",19.9"
"1982,""181,903"",""19,362"",10.6,""157,818"",""14,271"",9.0,""15,830"",""4,161"",26.3,""23,329"",""4,701"",20.2"
"198117,""180,909"",""17,987"",9.9,""157,330"",""12,903"",8.2,""16,323"",""4,222"",25.9,""22,950"",""4,769"",20.8"
"1980,""179,798"",""16,365"",9.1,""156,633"",""11,568"",7.4,""15,358"",""3,699"",24.1,""22,455"",""4,474"",19.9"
"197918,""178,814"",""14,419"",8.1,""156,567"",""10,009"",6.4,""15,410"",""3,371"",21.9,""21,638"",""4,179"",19.3"
"1978,""174,731"",""13,755"",7.9,""154,321"",""9,798"",6.3,""15,132"",""3,390"",22.4,""20,410"",""3,957"",19.4"
"1977,""173,563"",""13,802"",8.0,""154,449"",""9,977"",6.5,""14,888"",""3,429"",23.0,""19,114"",""3,825"",20.0"
"1976,""173,235"",""14,025"",8.1,""155,324"",""10,066"",6.5,""14,261"",""3,516"",24.7,""17,912"",""3,959"",22.1"
"1975,""172,417"",""14,883"",8.6,""155,539"",""11,137"",7.2,""13,809"",""3,570"",25.9,""16,879"",""3,746"",22.2"
"197419,""171,463"",""13,217"",7.7,""155,764"",""9,854"",6.3,""13,763"",""3,379"",24.6,""15,699"",""3,364"",21.4"
"1973,""170,488"",""12,864"",7.5,""155,330"",""9,262"",6.0,""12,731"",""3,185"",25.0,""15,158"",""3,602"",23.8"
"BLACK ALONE OR IN COMBINATION,,,,,,,,,,,,"
"2021,""48,225"",""9,298"",19.3,""38,000"",""6,751"",17.8,""15,433"",""4,691"",30.4,""10,067"",""2,476"",24.6"
"20201,""48,258"",""9,311"",19.3,""38,359"",""6,675"",17.4,""15,532"",""4,647"",29.9,""9,771"",""2,576"",26.4"
"2019,""47,260"",""8,836"",18.7,""37,689"",""6,374"",16.9,""15,323"",""4,571"",29.8,""9,492"",""2,433"",25.6"
"2018,""46,825"",""9,695"",20.7,""36,729"",""6,910"",18.8,""14,820"",""4,692"",31.7,""9,942"",""2,726"",27.4"
"20172,""46,337"",""10,050"",21.7,""36,675"",""7,290"",19.9,""15,201"",""5,258"",34.6,""9,480"",""2,688"",28.4"
"2017,""46,391"",""9,820"",21.2,""36,702"",""7,013"",19.1,""15,297"",""5,089"",33.3,""9,535"",""2,758"",28.9"
"2016,""45,683"",""9,965"",21.8,""36,463"",""7,353"",20.2,""15,315"",""5,231"",34.2,""9,105"",""2,563"",28.2"
"2015,""45,227"",""10,797"",23.9,""36,028"",""7,965"",22.1,""15,809"",""5,642"",35.7,""8,999"",""2,744"",30.5"
"2014,""44,566"",""11,581"",26.0,""35,545"",""8,711"",24.5,""15,304"",""6,179"",40.4,""8,836"",""2,793"",31.6"
"20133,""44,154"",""11,162"",25.3,""35,958"",""8,533"",23.7,""16,188"",""6,277"",38.8,""8,045"",""2,588"",32.2"
"20134,""44,112"",""11,959"",27.1,""35,657"",""9,174"",25.7,""14,906"",""6,319"",42.4,""8,199"",""2,657"",32.4"
"2012,""43,583"",""11,809"",27.1,""35,205"",""9,016"",25.6,""15,113"",""6,220"",41.2,""8,179"",""2,663"",32.6"
"2011,""42,648"",""11,730"",27.5,""34,495"",""9,012"",26.1,""15,282"",""6,500"",42.5,""7,986"",""2,635"",33.0"
"20105,""42,385"",""11,597"",27.4,""34,347"",""8,891"",25.9,""15,362"",""6,269"",40.8,""7,730"",""2,587"",33.5"
"2009,""40,876"",""10,575"",25.9,""33,330"",""8,184"",24.6,""14,463"",""5,755"",39.8,""7,368"",""2,285"",31.0"
"2008,""40,097"",""9,882"",24.6,""32,818"",""7,768"",23.7,""14,332"",""5,782"",40.3,""7,123"",""2,042"",28.7"
"2007,""39,564"",""9,668"",24.4,""32,427"",""7,668"",23.6,""14,396"",""5,702"",39.6,""7,036"",""1,968"",28.0"
"2006,""39,013"",""9,447"",24.2,""32,130"",""7,411"",23.1,""13,848"",""5,422"",39.2,""6,715"",""1,935"",28.8"
"2005,""38,551"",""9,517"",24.7,""31,663"",""7,459"",23.6,""14,080"",""5,524"",39.2,""6,754"",""2,003"",29.7"
"20046,""38,037"",""9,411"",24.7,""31,468"",""7,495"",23.8,""13,830"",""5,484"",39.7,""6,418"",""1,840"",28.7"
"2003,""37,503"",""9,108"",24.3,""31,059"",""7,162"",23.1,""13,664"",""5,312"",38.9,""6,194"",""1,814"",29.3"
"2002,""37,207"",""8,884"",23.9,""31,008"",""6,985"",22.5,""13,551"",""5,145"",38.0,""6,034"",""1,851"",30.7"
"BLACK ALONE25,,,,,,,,,,,,"
"2021,""43,976"",""8,583"",19.5,""34,323"",""6,202"",18.1,""14,035"",""4,328"",30.8,""9,514"",""2,315"",24.3"
"20201,""43,694"",""8,556"",19.6,""34,451"",""6,062"",17.6,""14,082"",""4,214"",29.9,""9,141"",""2,434"",26.6"
"2019,""42,965"",""8,073"",18.8,""34,033"",""5,777"",17.0,""13,939"",""4,118"",29.5,""8,863"",""2,271"",25.6"
"2018,""42,773"",""8,884"",20.8,""33,237"",""6,242"",18.8,""13,500"",""4,277"",31.7,""9,388"",""2,584"",27.5"
"20172,""42,477"",""9,224"",21.7,""33,261"",""6,594"",19.8,""13,986"",""4,811"",34.4,""9,064"",""2,573"",28.4"
"2017,""42,474"",""8,993"",21.2,""33,250"",""6,315"",19.0,""14,066"",""4,628"",32.9,""9,101"",""2,644"",29.1"
"2016,""41,962"",""9,234"",22.0,""33,199"",""6,709"",20.2,""13,964"",""4,777"",34.2,""8,679"",""2,484"",28.6"
"2015,""41,625"",""10,020"",24.1,""32,890"",""7,305"",22.2,""14,549"",""5,198"",35.7,""8,549"",""2,635"",30.8"
"2014,""41,112"",""10,755"",26.2,""32,546"",""8,013"",24.6,""14,091"",""5,670"",40.2,""8,419"",""2,685"",31.9"
"20133,""40,498"",""10,186"",25.2,""32,658"",""7,665"",23.5,""14,838"",""5,759"",38.8,""7,717"",""2,483"",32.2"
"20134,""40,615"",""11,041"",27.2,""32,564"",""8,390"",25.8,""13,816"",""5,871"",42.5,""7,842"",""2,536"",32.3"
"2012,""40,125"",""10,911"",27.2,""32,122"",""8,251"",25.7,""13,931"",""5,735"",41.2,""7,841"",""2,549"",32.5"
"2011,""39,609"",""10,929"",27.6,""31,800"",""8,334"",26.2,""14,145"",""5,980"",42.3,""7,659"",""2,524"",33.0"
"20105,""39,283"",""10,746"",27.4,""31,596"",""8,181"",25.9,""14,236"",""5,831"",41.0,""7,419"",""2,479"",33.4"
"2009,""38,556"",""9,944"",25.8,""31,306"",""7,642"",24.4,""13,680"",""5,427"",39.7,""7,102"",""2,209"",31.1"
"2008,""37,966"",""9,379"",24.7,""30,986"",""7,339"",23.7,""13,648"",""5,533"",40.5,""6,835"",""1,970"",28.8"
"2007,""37,665"",""9,237"",24.5,""30,778"",""7,312"",23.8,""13,741"",""5,459"",39.7,""6,807"",""1,898"",27.9"
"2006,""37,306"",""9,048"",24.3,""30,621"",""7,072"",23.1,""13,244"",""5,180"",39.1,""6,545"",""1,897"",29.0"
"2005,""36,802"",""9,168"",24.9,""30,154"",""7,164"",23.8,""13,481"",""5,303"",39.3,""6,521"",""1,949"",29.9"
"20046,""36,426"",""9,014"",24.7,""30,065"",""7,153"",23.8,""13,244"",""5,247"",39.6,""6,217"",""1,792"",28.8"
"2003,""35,989"",""8,781"",24.4,""29,727"",""6,870"",23.1,""13,118"",""5,115"",39.0,""6,034"",""1,781"",29.5"
"2002,""35,678"",""8,602"",24.1,""29,671"",""6,761"",22.8,""13,030"",""4,980"",38.2,""5,858"",""1,800"",30.7"
"BLACK24,,,,,,,,,,,,"
"2001,""35,871"",""8,136"",22.7,""29,869"",""6,389"",21.4,""12,550"",""4,694"",37.4,""5,873"",""1,692"",28.8"
"20007,""35,425"",""7,982"",22.5,""29,378"",""6,221"",21.2,""12,383"",""4,774"",38.6,""5,885"",""1,702"",28.9"
"19998,""35,756"",""8,441"",23.6,""29,819"",""6,758"",22.7,""12,823"",""5,232"",40.8,""5,668"",""1,562"",27.5"
"1998,""34,877"",""9,091"",26.1,""29,333"",""7,259"",24.7,""13,156"",""5,629"",42.8,""5,390"",""1,752"",32.5"
"1997,""34,458"",""9,116"",26.5,""28,962"",""7,386"",25.5,""13,218"",""5,654"",42.8,""5,316"",""1,645"",31.0"
"1996,""34,110"",""9,694"",28.4,""28,933"",""7,993"",27.6,""13,193"",""6,123"",46.4,""4,989"",""1,606"",32.2"
"19959,""33,740"",""9,872"",29.3,""28,777"",""8,189"",28.5,""13,604"",""6,553"",48.2,""4,756"",""1,551"",32.6"
"199410,""33,353"",""10,196"",30.6,""28,499"",""8,447"",29.6,""12,926"",""6,489"",50.2,""4,649"",""1,617"",34.8"
"199311,""32,910"",""10,877"",33.1,""28,106"",""9,242"",32.9,""13,132"",""6,955"",53.0,""4,608"",""1,541"",33.4"
"199212,""32,411"",""10,827"",33.4,""27,790"",""9,134"",32.9,""12,591"",""6,799"",54.0,""4,410"",""1,569"",35.6"
"199113,""31,313"",""10,242"",32.7,""26,565"",""8,504"",32.0,""11,960"",""6,557"",54.8,""4,505"",""1,590"",35.3"
"1990,""30,806"",""9,837"",31.9,""26,296"",""8,160"",31.0,""11,866"",""6,005"",50.6,""4,244"",""1,491"",35.1"
"1989,""30,332"",""9,302"",30.7,""25,931"",""7,704"",29.7,""11,190"",""5,530"",49.4,""4,180"",""1,471"",35.2"
"198814,""29,849"",""9,356"",31.3,""25,484"",""7,650"",30.0,""10,794"",""5,601"",51.9,""4,095"",""1,509"",36.8"
"198714,""29,362"",""9,520"",32.4,""25,128"",""7,848"",31.2,""10,701"",""5,789"",54.1,""3,977"",""1,471"",37.0"
"1986,""28,871"",""8,983"",31.1,""24,910"",""7,410"",29.7,""10,175"",""5,473"",53.8,""3,714"",""1,431"",38.5"
"198515,""28,485"",""8,926"",31.3,""24,620"",""7,504"",30.5,""10,041"",""5,342"",53.2,""3,641"",""1,264"",34.7"
"198416,""28,087"",""9,490"",33.8,""24,387"",""8,104"",33.2,""10,384"",""5,666"",54.6,""3,501"",""1,255"",35.8"
"1983,""27,678"",""9,882"",35.7,""24,138"",""8,376"",34.7,""10,059"",""5,736"",57.0,""3,287"",""1,338"",40.7"
"1982,""27,216"",""9,697"",35.6,""23,948"",""8,355"",34.9,""9,699"",""5,698"",58.8,""3,051"",""1,229"",40.3"
"198117,""26,834"",""9,173"",34.2,""23,423"",""7,780"",33.2,""9,214"",""5,222"",56.7,""3,277"",""1,296"",39.6"
"1980,""26,408"",""8,579"",32.5,""23,084"",""7,190"",31.1,""9,338"",""4,984"",53.4,""3,208"",""1,314"",41.0"
"197918,""25,944"",""8,050"",31.0,""22,666"",""6,800"",30.0,""9,065"",""4,816"",53.1,""3,127"",""1,168"",37.3"
"1978,""24,956"",""7,625"",30.6,""22,027"",""6,493"",29.5,""8,689"",""4,712"",54.2,""2,929"",""1,132"",38.6"
"1977,""24,710"",""7,726"",31.3,""21,850"",""6,667"",30.5,""8,315"",""4,595"",55.3,""2,860"",""1,059"",37.0"
"1976,""24,399"",""7,595"",31.1,""21,840"",""6,576"",30.1,""7,926"",""4,415"",55.7,""2,559"",""1,019"",39.8"
"1975,""24,089"",""7,545"",31.3,""21,687"",""6,533"",30.1,""7,679"",""4,168"",54.3,""2,402"",""1,011"",42.1"
"197419,""23,699"",""7,182"",30.3,""21,341"",""6,255"",29.3,""7,483"",""4,116"",55.0,""2,359"",927,39.3"
"1973,""23,512"",""7,388"",31.4,""21,328"",""6,560"",30.8,""7,188"",""4,064"",56.5,""2,183"",828,37.9"
"197220,""23,144"",""7,710"",33.3,""21,116"",""6,841"",32.4,""7,125"",""4,139"",58.1,""2,028"",870,42.9"
"197121,""22,784"",""7,396"",32.5,""20,900"",""6,530"",31.2,""6,398"",""3,587"",56.1,""1,884"",866,46.0"
"1970,""22,515"",""7,548"",33.5,""20,724"",""6,683"",32.2,""6,225"",""3,656"",58.7,""1,791"",865,48.3"
"1969,""22,011"",""7,095"",32.2,""20,192"",""6,245"",30.9,""5,537"",""3,225"",58.2,""1,819"",850,46.7"
"1968,""21,944"",""7,616"",34.7,N,""6,839"",33.7,N,""3,312"",58.9,N,777,46.3"
"196722,""21,590"",""8,486"",39.3,N,""7,677"",38.4,N,""3,362"",61.6,N,809,49.3"
"1966,""21,206"",""8,867"",41.8,N,""8,090"",40.9,N,""3,160"",65.3,N,777,54.4"
"1959,""18,013"",""9,927"",55.1,N,""9,112"",54.9,N,""2,416"",70.6,""1,430"",815,57.0"
"ASIAN ALONE OR IN COMBINATION,,,,,,,,,,,,"
"2021,""23,451"",""2,112"",9.0,""20,094"",""1,330"",6.6,""2,364"",370,15.7,""3,324"",780,23.5"
"20201,""22,923"",""1,827"",8.0,""19,776"",""1,196"",6.0,""2,145"",361,16.9,""3,092"",619,20.0"
"2019,""22,440"",""1,588"",7.1,""19,366"",""1,026"",5.3,""1,822"",291,16.0,""3,026"",562,18.6"
"2018,""22,046"",""2,166"",9.8,""18,745"",""1,360"",7.3,""1,943"",380,19.5,""3,231"",783,24.2"
"20172,""21,556"",""2,063"",9.6,""18,562"",""1,350"",7.3,""2,041"",354,17.3,""2,943"",694,23.6"
"2017,""21,511"",""2,104"",9.8,""18,484"",""1,379"",7.5,""2,086"",338,16.2,""2,963"",720,24.3"
"2016,""20,756"",""2,062"",9.9,""17,856"",""1,287"",7.2,""1,931"",365,18.9,""2,858"",761,26.6"
"2015,""20,037"",""2,234"",11.1,""17,183"",""1,361"",7.9,""1,675"",254,15.2,""2,762"",839,30.4"
"2014,""19,685"",""2,268"",11.5,""16,964"",""1,479"",8.7,""1,994"",355,17.8,""2,621"",754,28.8"
"20133,""19,182"",""2,398"",12.5,""16,800"",""1,680"",10.0,""1,873"",525,28.1,""2,339"",700,29.9"
"20134,""19,023"",""1,974"",10.4,""16,642"",""1,305"",7.8,""1,923"",323,16.8,""2,333"",660,28.3"
"2012,""18,173"",""2,072"",11.4,""15,751"",""1,467"",9.3,""1,756"",374,21.3,""2,334"",580,24.8"
"2011,""17,813"",""2,189"",12.3,""15,591"",""1,550"",9.9,""1,847"",411,22.2,""2,133"",614,28.8"
"20105,""17,237"",""2,064"",12.0,""14,950"",""1,463"",9.8,""1,804"",386,21.4,""2,208"",578,26.2"
"2009,""15,272"",""1,901"",12.4,""13,403"",""1,361"",10.2,""1,539"",290,18.9,""1,826"",527,28.8"
"2008,""14,543"",""1,686"",11.6,""12,817"",""1,270"",9.9,""1,471"",228,15.5,""1,707"",410,24.0"
"2007,""14,430"",""1,467"",10.2,""12,527"",""1,012"",8.1,""1,421"",250,17.6,""1,837"",426,23.2"
"2006,""14,331"",""1,447"",10.1,""12,463"",984,7.9,""1,210"",220,18.1,""1,801"",449,24.9"
"2005,""13,731"",""1,501"",10.9,""11,931"",""1,039"",8.7,""1,223"",220,18.0,""1,771"",457,25.8"
"20046,""13,291"",""1,295"",9.7,""11,661"",876,7.5,""1,190"",170,14.3,""1,599"",417,26.1"
"2003,""12,891"",""1,527"",11.8,""11,266"",""1,116"",9.9,""1,184"",294,24.8,""1,590"",402,25.3"
"2002,""12,487"",""1,243"",10.0,""10,742"",816,7.6,""1,146"",175,15.3,""1,708"",417,24.4"
"ASIAN ALONE26,,,,,,,,,,,,"
"2021,""20,676"",""1,922"",9.3,""17,674"",""1,206"",6.8,""1,989"",301,15.1,""2,972"",714,24.0"
"20201,""20,352"",""1,645"",8.1,""17,550"",""1,080"",6.2,""1,783"",310,17.4,""2,754"",553,20.1"
"2019,""19,926"",""1,464"",7.3,""17,134"",946,5.5,""1,576"",254,16.1,""2,752"",518,18.8"
"2018,""19,768"",""1,996"",10.1,""16,765"",""1,243"",7.4,""1,686"",327,19.4,""2,946"",732,24.8"
"20172,""19,526"",""1,891"",9.7,""16,748"",""1,220"",7.3,""1,715"",288,16.8,""2,737"",652,23.8"
"2017,""19,475"",""1,953"",10.0,""16,666"",""1,276"",7.7,""1,757"",275,15.7,""2,758"",674,24.4"
"2016,""18,879"",""1,908"",10.1,""16,220"",""1,179"",7.3,""1,657"",326,19.7,""2,627"",715,27.2"
"2015,""18,241"",""2,078"",11.4,""15,597"",""1,260"",8.1,""1,435"",222,15.5,""2,556"",784,30.7"
"2014,""17,790"",""2,137"",12.0,""15,261"",""1,391"",9.1,""1,725"",315,18.2,""2,431"",713,29.3"
"20133,""17,257"",""2,255"",13.1,""15,057"",""1,589"",10.6,""1,574"",442,28.1,""2,180"",661,30.3"
"20134,""17,063"",""1,785"",10.5,""14,895"",""1,154"",7.7,""1,657"",228,13.7,""2,128"",623,29.3"
"2012,""16,417"",""1,921"",11.7,""14,190"",""1,357"",9.6,""1,515"",309,20.4,""2,156"",547,25.4"
"2011,""16,086"",""1,973"",12.3,""14,100"",""1,389"",9.9,""1,570"",327,20.8,""1,921"",571,29.7"
"20105,""15,611"",""1,899"",12.2,""13,515"",""1,341"",9.9,""1,471"",327,22.2,""2,040"",547,26.8"
"2009,""14,005"",""1,746"",12.5,""12,296"",""1,244"",10.1,""1,353"",250,18.5,""1,673"",491,29.3"
"2008,""13,310"",""1,576"",11.8,""11,719"",""1,192"",10.2,""1,308"",209,16.0,""1,574"",378,24.0"
"2007,""13,257"",""1,349"",10.2,""11,471"",930,8.1,""1,256"",217,17.3,""1,720"",391,22.7"
"2006,""13,177"",""1,353"",10.3,""11,428"",912,8.0,""1,057"",187,17.7,""1,683"",428,25.4"
"2005,""12,580"",""1,402"",11.1,""10,911"",970,8.9,""1,059"",189,17.8,""1,645"",427,26.0"
"20046,""12,231"",""1,201"",9.8,""10,734"",812,7.6,""1,024"",135,13.2,""1,472"",388,26.3"
"2003,""11,856"",""1,401"",11.8,""10,333"",""1,017"",9.8,""1,028"",242,23.6,""1,494"",375,25.1"
"2002,""11,541"",""1,161"",10.1,""9,899"",763,7.7,""1,019"",155,15.2,""1,613"",390,24.2"
"ASIAN AND PACIFIC ISLANDER24,,,,,,,,,,,,"
"2001,""12,465"",""1,275"",10.2,""10,745"",873,8.1,""1,333"",198,14.8,""1,682"",393,23.4"
"20007,""12,672"",""1,258"",9.9,""11,044"",895,8.1,""1,231"",289,23.4,""1,588"",350,22.0"
"19998,""11,955"",""1,285"",10.7,""10,507"",""1,010"",9.6,""1,201"",275,22.9,""1,415"",270,19.1"
"1998,""10,873"",""1,360"",12.5,""9,576"",""1,087"",11.4,""1,123"",373,33.2,""1,266"",257,20.3"
"1997,""10,482"",""1,468"",14.0,""9,312"",""1,116"",12.0,932,313,33.6,""1,134"",327,28.9"
"1996,""10,054"",""1,454"",14.5,""8,900"",""1,172"",13.2,""1,018"",300,29.5,""1,120"",255,22.8"
"19959,""9,644"",""1,411"",14.6,""8,582"",""1,112"",13.0,919,266,28.9,""1,013"",260,25.6"
"199410,""6,654"",974,14.6,""5,915"",776,13.1,582,137,23.6,696,179,25.7"
"199311,""7,434"",""1,134"",15.3,""6,609"",898,13.6,725,126,17.4,791,228,28.8"
"199212,""7,779"",985,12.7,""6,922"",787,11.4,729,183,25.0,828,193,23.3"
"199113,""7,192"",996,13.8,""6,367"",773,12.1,721,177,24.6,785,209,26.6"
"1990,""7,014"",858,12.2,""6,300"",712,11.3,638,132,20.7,668,124,18.5"
"1989,""6,673"",939,14.1,""5,917"",779,13.2,614,212,34.6,712,144,20.2"
"198814,""6,447"",""1,117"",17.3,""5,767"",942,16.3,650,263,40.5,651,160,24.5"
"198714,""6,322"",""1,021"",16.1,""5,785"",875,15.1,584,187,32.0,516,138,26.8"
"AMERICAN INDIAN AND ALASKA NATIVE ALONE OR IN COMBINATION,,,,,,,,,,,,"
"2021,""7,066"",""1,550"",21.9,""5,849"",""1,138"",19.5,""1,726"",644,37.3,""1,183"",390,33.0"
"20201,""6,758"",""1,111"",16.4,""5,592"",797,14.3,""1,484"",445,30.0,""1,144"",304,26.6"
"2019,""6,541"",""1,062"",16.2,""5,338"",752,14.1,""1,211"",403,33.3,""1,196"",304,25.4"
"2018,""6,816"",""1,335"",19.6,""5,549"",971,17.5,""1,463"",449,30.7,""1,252"",361,28.8"
"20172,""6,914"",""1,401"",20.3,""5,668"",""1,036"",18.3,""1,556"",563,36.2,""1,213"",349,28.8"
"2017,""6,914"",""1,356"",19.6,""5,649"",997,17.6,""1,550"",550,35.5,""1,237"",343,27.7"
"2016,""6,836"",""1,387"",20.3,""5,641"",""1,024"",18.1,""1,625"",585,36.0,""1,158"",337,29.1"
"2015,""7,111"",""1,507"",21.2,""5,871"",""1,130"",19.3,""1,710"",706,41.3,""1,191"",346,29.1"
"2014,""6,679"",""1,526"",22.8,""5,643"",""1,165"",20.6,""1,599"",671,42.0,""1,003"",345,34.4"
"20133,""5,831"",""1,372"",23.5,""4,760"",""1,022"",21.5,""1,421"",597,42.0,""1,022"",307,30.0"
"20134,""6,368"",""1,490"",23.4,""5,287"",""1,139"",21.5,""1,498"",599,40.0,""1,046"",329,31.4"
"2012,""6,284"",""1,759"",28.0,""5,135"",""1,360"",26.5,""1,588"",695,43.8,""1,109"",372,33.5"
"2011,""6,224"",""1,515"",24.3,""5,144"",""1,157"",22.5,""1,410"",607,43.1,""1,046"",344,32.9"
"20105,""6,073"",""1,552"",25.6,""5,074"",""1,208"",23.8,""1,376"",552,40.2,915,274,30.0"
"2009,""5,244"",""1,218"",23.2,""4,365"",916,21.0,""1,155"",431,37.3,847,282,33.2"
"2008,""5,471"",""1,211"",22.1,""4,552"",924,20.3,""1,169"",431,36.9,866,266,30.7"
"2007,""5,292"",""1,076"",20.3,""4,281"",739,17.3,979,359,36.7,919,295,32.1"
"2006,""5,133"",""1,148"",22.4,""4,237"",883,20.8,""1,087"",406,37.4,859,252,29.3"
"2005,""5,233"",""1,093"",20.9,""4,324"",809,18.7,""1,023"",417,40.8,846,265,31.3"
"20046,""5,269"",""1,027"",19.5,""4,363"",752,17.2,926,335,36.2,845,254,30.0"
"2003,""5,061"",940,18.6,""4,175"",680,16.3,984,315,32.0,845,246,29.1"
"2002,""4,844"",952,19.6,""4,000"",675,16.9,944,359,38.0,787,237,30.2"
"AMERICAN INDIAN AND ALASKA NATIVE ALONE27,,,,,,,,,,,,"
"2021,""4,109"",998,24.3,""3,432"",759,22.1,999,434,43.5,649,218,33.5"
"20201,""3,950"",791,20.0,""3,271"",591,18.1,877,303,34.6,665,194,29.2"
"2019,""3,735"",677,18.1,""3,076"",481,15.6,701,231,33.0,652,191,29.3"
"2018,""3,663"",808,22.1,""2,993"",597,20.0,828,233,28.1,656,209,31.8"
"20172,""3,616"",790,21.8,""2,973"",573,19.3,888,299,33.7,618,206,33.4"
"2017,""3,619"",750,20.7,""2,971"",541,18.2,884,299,33.8,629,198,31.5"
"2016,""3,701"",811,21.9,""3,037"",598,19.7,892,323,36.2,635,189,29.7"
"2015,""4,269"",995,23.3,""3,534"",742,21.0,""1,090"",481,44.1,701,231,32.9"
"2014,""3,808"",""1,013"",26.6,""3,225"",791,24.5,940,445,47.4,559,210,37.6"
"20133,""3,074"",837,27.2,""2,587"",664,25.7,840,359,42.7,485,173,35.6"
"20134,""3,344"",914,27.3,""2,785"",709,25.5,819,349,42.6,537,184,34.2"
"2012,""3,459"",""1,184"",34.2,""2,820"",928,32.9,920,481,52.2,606,236,39.0"
"2011,""3,210"",917,28.6,""2,600"",684,26.3,749,357,47.6,592,229,38.7"
"20105,""3,076"",886,28.8,""2,589"",718,27.7,727,333,45.8,459,151,33.0"
"2009,""2,671"",732,27.4,""2,197"",546,24.9,650,243,37.4,445,166,37.4"
"2008,""2,845"",770,27.1,""2,377"",600,25.3,706,296,42.0,441,159,36.0"
"2007,""2,742"",649,23.7,""2,195"",439,20.0,535,194,36.2,487,184,37.8"
"2006,""2,536"",744,29.3,""2,061"",592,28.7,593,273,46.0,453,146,32.2"
"2005,""2,238"",603,26.9,""1,825"",459,25.2,535,242,45.3,381,136,35.6"
"20046,""2,319"",584,25.2,""1,930"",447,23.1,450,189,41.9,370,129,34.9"
"2003,""2,240"",532,23.8,""1,876"",390,20.8,515,149,29.0,349,134,38.5"
"2002,""2,273"",547,24.1,""1,901"",401,21.1,491,202,41.2,333,112,33.5"
"AMERICAN INDIAN AND ALASKA NATIVE24,,,,,,,,,,,,"
"2001,""3,463"",757,21.9,""2,885"",584,20.3,758,358,47.3,543,145,26.7"
"20007,""3,001"",696,23.2,""2,521"",538,21.3,595,254,42.7,453,147,32.6"
"19998,""3,135"",897,28.6,""2,630"",710,27.0,643,310,48.3,453,158,35.0"
"1998,""2,472"",571,23.1,""2,135"",475,22.3,510,231,45.2,320,83,26.0"
"1997,""2,340"",594,25.4,""1,948"",457,23.4,488,231,47.4,364,122,33.5"
"1996,""2,399"",731,30.5,""2,003"",590,29.5,628,300,47.7,371,128,34.5"
"19959,""2,321"",718,31.0,""1,983"",607,30.6,653,340,52.0,317,101,31.9"
"199410,""1,482"",392,26.4,""1,232"",309,25.1,263,119,45.0,232,72,30.9"
"199311,""1,690"",399,23.6,""1,400"",305,21.8,336,121,36.1,270,80,29.5"
"199212,""2,054"",600,29.2,""1,707"",455,26.7,430,203,47.1,307,123,40.0"
"199113,""1,793"",562,31.3,""1,541"",469,30.4,347,207,59.6,227,74,32.5"
"1990,""1,560"",444,28.5,""1,317"",348,26.4,334,181,54.1,219,75,34.2"
"1989,""1,445"",345,23.9,""1,232"",286,23.2,269,152,56.5,196,47,23.8"
"198814,""1,454"",440,30.2,""1,215"",354,29.1,269,115,42.9,213,71,33.3"
"198714,""1,345"",387,28.8,""1,183"",333,28.2,325,158,48.4,156,52,33.2"
"TWO OR MORE RACES24,,,,,,,,,,,,"
"2021,""9,166"",""1,298"",14.2,""7,867"",943,12.0,""2,238"",552,24.7,""1,273"",346,27.2"
"20201,""9,220"",""1,209"",13.1,""7,874"",920,11.7,""2,190"",609,27.8,""1,305"",285,21.8"
"2019,""8,920"",""1,135"",12.7,""7,563"",842,11.1,""1,992"",606,30.4,""1,340"",288,21.5"
"2018,""8,793"",""1,381"",15.7,""7,490"",""1,067"",14.2,""2,029"",638,31.4,""1,275"",302,23.7"
"20172,""8,423"",""1,441"",17.1,""7,292"",""1,157"",15.9,""1,990"",672,33.8,""1,083"",265,24.5"
"2017,""8,475"",""1,408"",16.6,""7,314"",""1,118"",15.3,""2,010"",664,33.0,""1,109"",270,24.4"
"2016,""8,094"",""1,312"",16.2,""6,976"",""1,062"",15.2,""2,102"",653,31.1,""1,068"",241,22.5"
"2015,""7,622"",""1,323"",17.4,""6,535"",""1,048"",16.0,""1,850"",591,32.0,""1,058"",260,24.6"
"2014,""7,473"",""1,352"",18.1,""6,463"",""1,069"",16.5,""1,895"",686,36.2,962,259,26.9"
"20133,""7,739"",""1,562"",20.2,""6,679"",""1,255"",18.8,""2,034"",763,37.5,965,246,25.5"
"20134,""7,731"",""1,450"",18.8,""6,740"",""1,176"",17.4,""1,750"",675,38.6,936,260,27.8"
"2012,""7,349"",""1,462"",19.9,""6,377"",""1,175"",18.4,""1,815"",676,37.2,914,252,27.5"
"2011,""7,166"",""1,443"",20.1,""6,204"",""1,167"",18.8,""1,849"",760,41.1,904,242,26.7"
"20105,""7,172"",""1,507"",21.0,""6,192"",""1,172"",18.9,""1,872"",651,34.8,872,244,27.9"
"2009,""5,715"",""1,168"",20.4,""4,946"",949,19.2,""1,345"",509,37.8,728,201,27.6"
"2008,""5,502"",941,17.1,""4,703"",742,15.8,""1,203"",383,31.8,764,188,24.7"
"2007,""5,172"",845,16.3,""4,420"",639,14.4,""1,168"",399,34.1,704,185,26.3"
"2006,""5,103"",811,15.9,""4,423"",630,14.2,""1,148"",362,31.5,641,151,23.6"
"2005,""5,472"",839,15.3,""4,692"",644,13.7,""1,129"",378,33.5,732,179,24.5"
"20046,""5,298"",847,16.0,""4,506"",636,14.1,""1,104"",354,32.1,734,189,25.8"
"2003,""5,053"",771,15.2,""4,317"",604,14.0,""1,027"",357,34.7,686,157,22.8"
"2002,""4,670"",686,14.7,""3,974"",496,12.5,984,295,30.0,653,175,26.8"
"HISPANIC (ANY RACE)28,,,,,,,,,,,,"
"2021,""62,482"",""10,690"",17.1,""53,549"",""8,288"",15.5,""12,382"",""3,754"",30.3,""8,643"",""2,303"",26.6"
"20201,""61,769"",""10,520"",17.0,""53,621"",""8,379"",15.6,""12,856"",""3,866"",30.1,""7,871"",""1,992"",25.3"
"2019,""60,602"",""9,545"",15.7,""52,743"",""7,587"",14.4,""12,248"",""3,512"",28.7,""7,627"",""1,878"",24.6"
"2018,""59,957"",""10,526"",17.6,""52,041"",""8,368"",16.1,""11,939"",""3,716"",31.1,""7,645"",""2,047"",26.8"
"20172,""59,051"",""10,816"",18.3,""51,651"",""8,760"",17.0,""12,155"",""4,274"",35.2,""7,063"",""1,946"",27.6"
"2017,""59,053"",""10,790"",18.3,""51,517"",""8,708"",16.9,""12,244"",""4,198"",34.3,""7,206"",""1,954"",27.1"
"2016,""57,556"",""11,137"",19.4,""50,525"",""9,200"",18.2,""11,926"",""4,136"",34.7,""6,697"",""1,793"",26.8"
"2015,""56,780"",""12,133"",21.4,""49,524"",""10,109"",20.4,""11,878"",""4,401"",37.1,""6,884"",""1,876"",27.2"
"2014,""55,504"",""13,104"",23.6,""48,296"",""10,853"",22.5,""11,919"",""4,817"",40.4,""6,776"",""1,981"",29.2"
"20133,""54,181"",""13,356"",24.7,""47,266"",""11,128"",23.5,""13,060"",""5,406"",41.4,""6,414"",""1,915"",29.9"
"20134,""54,145"",""12,744"",23.5,""47,254"",""10,536"",22.3,""11,679"",""4,860"",41.6,""6,545"",""2,063"",31.5"
"2012,""53,105"",""13,616"",25.6,""46,183"",""11,358"",24.6,""11,255"",""4,816"",42.8,""6,502"",""2,018"",31.0"
"2011,""52,279"",""13,244"",25.3,""45,781"",""11,143"",24.3,""11,368"",""4,996"",44.0,""6,096"",""1,882"",30.9"
"20105,""50,971"",""13,522"",26.5,""44,612"",""11,384"",25.5,""10,719"",""4,748"",44.3,""5,846"",""1,863"",31.9"
"2009,""48,811"",""12,350"",25.3,""42,717"",""10,345"",24.2,""10,283"",""4,176"",40.6,""5,718"",""1,801"",31.5"
"2008,""47,398"",""10,987"",23.2,""41,732"",""9,303"",22.3,""9,265"",""3,751"",40.5,""5,417"",""1,577"",29.1"
"2007,""45,933"",""9,890"",21.5,""40,125"",""8,248"",20.6,""8,917"",""3,527"",39.6,""5,508"",""1,490"",27.1"
"2006,""44,784"",""9,243"",20.6,""39,177"",""7,650"",19.5,""8,652"",""3,189"",36.9,""5,317"",""1,468"",27.6"
"2005,""43,020"",""9,368"",21.8,""37,759"",""7,767"",20.6,""7,868"",""3,069"",39.0,""4,971"",""1,451"",29.2"
"20046,""41,690"",""9,122"",21.9,""36,438"",""7,705"",21.1,""7,825"",""3,072"",39.3,""4,971"",""1,293"",26.0"
"2003,""40,300"",""9,051"",22.5,""35,469"",""7,637"",21.5,""7,452"",""2,861"",38.4,""4,620"",""1,325"",28.7"
"2002,""39,216"",""8,555"",21.8,""34,598"",""7,184"",20.8,""7,013"",""2,554"",36.4,""4,364"",""1,255"",28.8"
"2001,""37,312"",""7,997"",21.4,""33,110"",""6,674"",20.2,""6,830"",""2,585"",37.8,""3,981"",""1,211"",30.4"
"20007,""35,955"",""7,747"",21.5,""31,700"",""6,430"",20.3,""6,469"",""2,444"",37.8,""3,978"",""1,163"",29.2"
"19998,""34,632"",""7,876"",22.7,""30,872"",""6,702"",21.7,""6,527"",""2,642"",40.5,""3,481"",""1,068"",30.7"
"1998,""31,515"",""8,070"",25.6,""28,055"",""6,814"",24.3,""6,074"",""2,837"",46.7,""3,218"",""1,097"",34.1"
"1997,""30,637"",""8,308"",27.1,""27,467"",""7,198"",26.2,""5,718"",""2,911"",50.9,""2,976"",""1,017"",34.2"
"1996,""29,614"",""8,697"",29.4,""26,340"",""7,515"",28.5,""5,641"",""3,020"",53.5,""2,985"",""1,066"",35.7"
"19959,""28,344"",""8,574"",30.3,""25,165"",""7,341"",29.2,""5,785"",""3,053"",52.8,""2,947"",""1,092"",37.0"
"199410,""27,442"",""8,416"",30.7,""24,390"",""7,357"",30.2,""5,328"",""2,920"",54.8,""2,798"",926,33.1"
"199311,""26,559"",""8,126"",30.6,""23,439"",""6,876"",29.3,""5,333"",""2,837"",53.2,""2,717"",972,35.8"
"199212,""25,646"",""7,592"",29.6,""22,695"",""6,455"",28.4,""4,806"",""2,474"",51.5,""2,577"",881,34.2"
"199113,""22,070"",""6,339"",28.7,""19,658"",""5,541"",28.2,""4,326"",""2,282"",52.7,""2,146"",667,31.1"
"1990,""21,405"",""6,006"",28.1,""18,912"",""5,091"",26.9,""3,993"",""2,115"",53.0,""2,254"",774,34.3"
"1989,""20,746"",""5,430"",26.2,""18,488"",""4,659"",25.2,""3,763"",""1,902"",50.6,""2,045"",634,31.0"
"198814,""20,064"",""5,357"",26.7,""18,102"",""4,700"",26.0,""3,734"",""2,052"",55.0,""1,864"",597,32.0"
"198714,""19,395"",""5,422"",28.0,""17,342"",""4,761"",27.5,""3,678"",""2,045"",55.6,""1,933"",598,31.0"
"1986,""18,758"",""5,117"",27.3,""16,880"",""4,469"",26.5,""3,631"",""1,921"",52.9,""1,685"",553,32.8"
"198515,""18,075"",""5,236"",29.0,""16,276"",""4,605"",28.3,""3,561"",""1,983"",55.7,""1,602"",532,33.2"
"198416,""16,916"",""4,806"",28.4,""15,293"",""4,192"",27.4,""3,139"",""1,764"",56.2,""1,481"",545,36.8"
"1983,""16,544"",""4,633"",28.0,""15,075"",""4,113"",27.3,""3,032"",""1,670"",55.1,""1,364"",457,33.5"
"1982,""14,385"",""4,301"",29.9,""13,242"",""3,865"",29.2,""2,664"",""1,601"",60.1,""1,018"",358,35.1"
"198117,""14,021"",""3,713"",26.5,""12,922"",""3,349"",25.9,""2,622"",""1,465"",55.9,""1,005"",313,31.1"
"1980,""13,600"",""3,491"",25.7,""12,547"",""3,143"",25.1,""2,421"",""1,319"",54.5,970,312,32.2"
"197918,""13,371"",""2,921"",21.8,""12,291"",""2,599"",21.1,""2,058"",""1,053"",51.2,991,286,28.8"
"1978,""12,079"",""2,607"",21.6,""11,193"",""2,343"",20.9,""1,817"",""1,024"",56.4,886,264,29.8"
"1977,""12,046"",""2,700"",22.4,""11,249"",""2,463"",21.9,""1,901"",""1,077"",56.7,797,237,29.8"
"1976,""11,269"",""2,783"",24.7,""10,552"",""2,516"",23.8,""1,766"",""1,000"",56.6,716,266,37.2"
"1975,""11,117"",""2,991"",26.9,""10,472"",""2,755"",26.3,""1,842"",""1,053"",57.2,645,236,36.6"
"197419,""11,201"",""2,575"",23.0,""10,584"",""2,374"",22.4,""1,723"",915,53.1,617,201,32.6"
"1973,""10,795"",""2,366"",21.9,""10,269"",""2,209"",21.5,""1,534"",881,57.4,526,157,29.9"
"197220,""10,588"",""2,414"",22.8,""10,099"",""2,252"",22.3,""1,370"",733,53.5,488,162,33.2"
"N Not available.,,,,,,,,,,,,"
"1 Implementation of 2020 Census-based population controls.,,,,,,,,,,,,"
"2 Estimates reflect the implementation of an updated processing system and should be used to make comparisons to 2018 and subsequent years.,,,,,,,,,,,,"
"3 The 2014 CPS ASEC included redesigned questions for income and health insurance coverage. All of the approximately 98,000 addresses were eligible to receive the redesigned set of health insurance coverage questions. The redesigned income questions were implemented to a subsample of the 98,000 addresses using a probability split panel design. Approximately 68,000 addresses were eligible to receive a set of income questions similar to those used in the 2013 CPS ASEC, and the remaining 30,000 addresses were eligible to receive the redesigned income questions. The source of these 2013 estimates is the portion of the CPS ASEC sample that received the redesigned income questions, approximately 30,000 addresses.,,,,,,,,,,,,"
"4 The source of these 2013 estimates is the portion of the CPS ASEC sample that received the income questions consistent with the 2013 CPS ASEC, approximately 68,000 addresses.,,,,,,,,,,,,"
"5 Implementation of 2010 Census-based population controls.,,,,,,,,,,,,"
"6 Data have been revised to reflect a correction to the weights in the 2005 CPS ASEC.,,,,,,,,,,,,"
"7 Implementation of a 28,000-household sample expansion.,,,,,,,,,,,,"
"8 Implementation of 2000 Census-based population controls.,,,,,,,,,,,,"
"9 Full implementation of 1990 Census-based sample design and metropolitan definitions, 7,000-household sample reduction, and revised editing of responses on race.,,,,,,,,,,,,"
"10 Introduction of 1990 Census-based sample design.,,,,,,,,,,,,"
"11 Data collection method changed from paper and pencil to computer-assisted interviewing. In addition, the 1994 CPS ASEC was revised to allow for the coding of different income amounts on selected questionnaire items. Limits either increased or decreased in the following categories: earnings limits increased to $999,999; Social Security limits increased to $49,999; Supplemental Security Income and public assistance limits increased to $24,999; veterans' benefits limits increased to $99,999; child support and alimony limits decreased to $49,999.,,,,,,,,,,,,"
"12 Implementation of 1990 Census-based population controls.,,,,,,,,,,,,"
"13 Estimates are revised to correct for nine omitted weights from the original 1992 CPS ASEC. More information is available in ""Money Income of Households, Families, and Persons in the United States: 1992,"" P60-184.,,,,,,,,,,,,"
"14 Estimates reflect the implementation of a new CPS ASEC processing system and are also revised to reflect corrections to the files after publication of the 1988 advance report ""Money Income and Poverty Status in the United States: 1988,"" P60-166.,,,,,,,,,,,,"
"15 Full implementation of 1980 Census-based sample design.,,,,,,,,,,,,"
"16 Implementation of Hispanic population weighting controls and introduction of 1980 Census-based sample design.,,,,,,,,,,,,"
"17 Implemented three technical changes to the poverty definition. More information is available in ""Characteristics of the Population Below the Poverty Level: 1980,"" P60-133.,,,,,,,,,,,,"
"18 Implementation of 1980 Census-based population controls. Questionnaire expanded to show 27 possible values from 51 possible sources of income.,,,,,,,,,,,,"
"19 Implementation of a new CPS ASEC processing system. Questionnaire expanded to ask 11 income questions.,,,,,,,,,,,,"
"20 Full implementation of 1970 Census-based sample design.,,,,,,,,,,,,"
"21 Introduction of 1970 Census-based sample design and population controls.,,,,,,,,,,,,"
"22 Implementation of a new CPS ASEC processing system.,,,,,,,,,,,,"
"23 Beginning with the 2003 CPS ASEC, respondents were allowed to choose one or more races. White alone refers to people who reported White and did not report any other race category. The use of this single-race population does not imply that it is the preferred method of presenting or analyzing the data. The Census Bureau uses a variety of approaches.,,,,,,,,,,,,"
"24 For the year 2001 and earlier, the CPS ASEC allowed respondents to report only one race group.,,,,,,,,,,,,"
"25 Black alone refers to people who reported Black and did not report any other race category.,,,,,,,,,,,,"
"26 Asian alone refers to people who reported Asian and did not report any other race category.,,,,,,,,,,,,"
"27 American Indian and Alaska Native alone refers to people who reported American Indian and Alaska Native and did not report any other race category.,,,,,,,,,,,,"
"28 Because Hispanics may be any race, data in this report for Hispanics overlap with data for racial groups. Of those who reported only one race, being Hispanic was reported by 16.6 percent of White householders, 5.6 percent of Black householders, 2.9 percent of Asian householders, and 29.7 percent of American Indian and Alaska Native householders. Data users should exercise caution when interpreting aggregate results for the Hispanic population and for race groups because these populations consist of many distinct groups that differ in socioeconomic characteristics, culture, and recency of immigration. Data were first collected for Hispanics in 1972.,,,,,,,,,,,,"
"Note: Before 1979, unrelated subfamilies were included in all families. Beginning in 1979, unrelated subfamilies are excluded from all families. An unrelated subfamily is defined as a married couple family with or without children or a single parent with one or more own, never-married children under the age of 18 living in a household and not related by birth, marriage, or adoption to the householder.,,,,,,,,,,,,"
"Source: U.S. Census Bureau, Current Population Survey, 1960 to 2022 Annual Social and Economic Supplements (CPS ASEC).,,,,,,,,,,,,"